<?xml version="1.0" encoding="utf-8"?>
<ApplicationInstallerManifest>
   <DefaultInstallationDirectory>/Applications/Wakayama_University/acousticConditionChecker/</DefaultInstallationDirectory>
   <ApplicationName>acousticConditionChecker</ApplicationName>
   <ExecutableName>application/acousticConditionChecker.exe</ExecutableName>
   <GUID>b20b60ce-63ff-4125-bb30-36bebc854cd1</GUID>
   <ApplicationIcon>default_icon_48.png</ApplicationIcon>
   <Logo>default_logo.png</Logo>
   <Version>1.0</Version>
   <AuthorOrganization>Wakayama University</AuthorOrganization>
   <Summary>Objectively measureing voice acquisition conditions</Summary>
   <WelcomePanelText>acousticConditionChecker 1.0
Objectively measureing voice acquisition conditions
Hideki Kawahara
kawahara@wakayama-u.ac.jp</WelcomePanelText>
   <MCRProducts>
      <MCRProduct>
         <ExternalProductIdentifier>35000</ExternalProductIdentifier>
      </MCRProduct>
      <MCRProduct>
         <ExternalProductIdentifier>35002</ExternalProductIdentifier>
      </MCRProduct>
      <MCRProduct>
         <ExternalProductIdentifier>35003</ExternalProductIdentifier>
      </MCRProduct>
      <MCRProduct>
         <ExternalProductIdentifier>35010</ExternalProductIdentifier>
      </MCRProduct>
      <MCRProduct>
         <ExternalProductIdentifier>35108</ExternalProductIdentifier>
      </MCRProduct>
      <MCRProduct>
         <ExternalProductIdentifier>35251</ExternalProductIdentifier>
      </MCRProduct>
   </MCRProducts>
</ApplicationInstallerManifest>