<?xml version="1.0" encoding="utf-8"?>
<ApplicationInstallerManifest>
   <DefaultInstallationDirectory>/Applications/Wakayama_University/acousticConditionChecker/</DefaultInstallationDirectory>
   <ApplicationName>acousticConditionChecker</ApplicationName>
   <ExecutableName>application/acousticConditionChecker.exe</ExecutableName>
   <GUID>513b1980-eb91-4cc5-8fac-2f9670119bb4</GUID>
   <ApplicationIcon>default_icon_48.png</ApplicationIcon>
   <Logo>default_logo.png</Logo>
   <Version>0.9</Version>
   <AuthorOrganization>Wakayama University</AuthorOrganization>
   <Summary>Interactive realtime tool for acoustic environment measurement</Summary>
   <WelcomePanelText>acousticConditionChecker 0.9
Interactive realtime tool for acoustic environment measurement

Interactive realtime tool for acoustic environment measurement

Hideki Kawahara
kawahara@wakayama-u.ac.jp</WelcomePanelText>
   <MCRProducts>
      <MCRProduct>
         <ExternalProductIdentifier>35000</ExternalProductIdentifier>
      </MCRProduct>
      <MCRProduct>
         <ExternalProductIdentifier>35002</ExternalProductIdentifier>
      </MCRProduct>
      <MCRProduct>
         <ExternalProductIdentifier>35003</ExternalProductIdentifier>
      </MCRProduct>
      <MCRProduct>
         <ExternalProductIdentifier>35010</ExternalProductIdentifier>
      </MCRProduct>
      <MCRProduct>
         <ExternalProductIdentifier>35108</ExternalProductIdentifier>
      </MCRProduct>
      <MCRProduct>
         <ExternalProductIdentifier>35251</ExternalProductIdentifier>
      </MCRProduct>
   </MCRProducts>
</ApplicationInstallerManifest>